<?xml version="1.0" encoding="UTF-8" standalone="no"?>
	<featureModel chosenLayoutAlgorithm="1">
		<struct>
			<and abstract="true" mandatory="true" name="Emergency Call">
				<alt abstract="true" name="Base">
					<feature mandatory="true" name="eCall"/>
					<feature mandatory="true" name="EraGlonass"/>
				</alt>
				<or mandatory="true" name="Languages">
					<feature mandatory="true" name="EU_Languages"/>
					<feature mandatory="true" name="Russian"/>
				</or>
				<feature name="Diagnostic"/>
				<or mandatory="true" name="GNSS">
					<feature mandatory="true" name="GPS"/>
					<feature mandatory="true" name="Glonass"/>
				</or>
			</and>
		</struct>
		<constraints>
			<rule>
				<imp>
					<var>eCall</var>
					<var>GPS</var>
				</imp>
			</rule>
			<rule>
				<imp>
					<var>eCall</var>
					<var>EU_Languages</var>
				</imp>
			</rule>
			<rule>
				<imp>
					<var>EraGlonass</var>
					<var>Glonass</var>
				</imp>
			</rule>
			<rule>
				<imp>
					<var>EraGlonass</var>
					<var>Russian</var>
				</imp>
			</rule>
			<rule>
				<imp>
					<var>EraGlonass</var>
					<var>Diagnostic</var>
				</imp>
			</rule>
		</constraints>
		<calculations Auto="true" Constraints="true" Features="true" Redundant="true" Tautology="true"/>
		<comments/>
		<featureOrder userDefined="false"/>
	</featureModel>
